{
  "mr": 123.9375,
  "mrr": 0.09413971811293295,
  "f_mr": 123.9375,
  "f_mrr": 0.09413971811293295,
  "auc": 0.8051703645007924,
  "f_auc": 0.8051703645007924,
  "hits@1": 0.0,
  "hits@3": 0.125,
  "hits@10": 0.24107142857142858,
  "hits@50": 0.5267857142857143,
  "hits@100": 0.6160714285714286,
  "f_hits@1": 0.0,
  "f_hits@3": 0.125,
  "f_hits@10": 0.24107142857142858,
  "f_hits@50": 0.5267857142857143,
  "f_hits@100": 0.6160714285714286
}