{
  "model": "ELEmbeddings",
  "model_parameters": {
    "embedding_dim": 50,
    "epochs": 100,
    "learning_rate": 0.001,
    "batch_size": 128,
    "margin": 0.1
  },
  "validation_metrics": {
    "total_pairs": 91,
    "all_similarities": {
      "mean": 0.2987310257177431,
      "median": 0.3238810896873474,
      "std": 0.1964019219694661,
      "min": -0.22542321681976318,
      "max": 0.7795730233192444
    },
    "optimal_threshold": 0.6,
    "threshold_analysis": {
      "0.6": {
        "mean_cos": 0.7010014533996582,
        "num_pairs": 5,
        "percentage": 5.4945054945054945
      },
      "0.61": {
        "mean_cos": 0.7010014533996582,
        "num_pairs": 5,
        "percentage": 5.4945054945054945
      },
      "0.62": {
        "mean_cos": 0.7227144092321396,
        "num_pairs": 4,
        "percentage": 4.395604395604396
      },
      "0.63": {
        "mean_cos": 0.7227144092321396,
        "num_pairs": 4,
        "percentage": 4.395604395604396
      },
      "0.64": {
        "mean_cos": 0.7227144092321396,
        "num_pairs": 4,
        "percentage": 4.395604395604396
      },
      "0.65": {
        "mean_cos": 0.7227144092321396,
        "num_pairs": 4,
        "percentage": 4.395604395604396
      },
      "0.66": {
        "mean_cos": 0.7227144092321396,
        "num_pairs": 4,
        "percentage": 4.395604395604396
      },
      "0.67": {
        "mean_cos": 0.7421137690544128,
        "num_pairs": 3,
        "percentage": 3.296703296703297
      },
      "0.68": {
        "mean_cos": 0.7421137690544128,
        "num_pairs": 3,
        "percentage": 3.296703296703297
      },
      "0.6900000000000001": {
        "mean_cos": 0.7421137690544128,
        "num_pairs": 3,
        "percentage": 3.296703296703297
      },
      "0.7000000000000001": {
        "mean_cos": 0.7421137690544128,
        "num_pairs": 3,
        "percentage": 3.296703296703297
      },
      "0.7100000000000001": {
        "mean_cos": 0.7421137690544128,
        "num_pairs": 3,
        "percentage": 3.296703296703297
      },
      "0.7200000000000001": {
        "mean_cos": 0.7574885487556458,
        "num_pairs": 2,
        "percentage": 2.197802197802198
      },
      "0.7300000000000001": {
        "mean_cos": 0.7574885487556458,
        "num_pairs": 2,
        "percentage": 2.197802197802198
      },
      "0.7400000000000001": {
        "mean_cos": 0.7795730233192444,
        "num_pairs": 1,
        "percentage": 1.098901098901099
      },
      "0.7500000000000001": {
        "mean_cos": 0.7795730233192444,
        "num_pairs": 1,
        "percentage": 1.098901098901099
      },
      "0.7600000000000001": {
        "mean_cos": 0.7795730233192444,
        "num_pairs": 1,
        "percentage": 1.098901098901099
      },
      "0.7700000000000001": {
        "mean_cos": 0.7795730233192444,
        "num_pairs": 1,
        "percentage": 1.098901098901099
      },
      "0.7800000000000001": {
        "mean_cos": null,
        "num_pairs": 0,
        "percentage": 0.0
      },
      "0.7900000000000001": {
        "mean_cos": null,
        "num_pairs": 0,
        "percentage": 0.0
      },
      "0.8000000000000002": {
        "mean_cos": null,
        "num_pairs": 0,
        "percentage": 0.0
      },
      "0.8100000000000002": {
        "mean_cos": null,
        "num_pairs": 0,
        "percentage": 0.0
      }
    }
  }
}